Company,Role,Work model/location,Compensation,Relevant stack/requirements,Verified direct email,Status
Tailscale,Infrastructure Engineer,Canada remote,"CAD 218,420–273,360",AWS/infrastructure; scalability; stability; incident response; observability,No exact public engineering/recruiting email verified,Research target; no portal submission
MongoDB,"Senior/Staff Site Reliability Engineer, Storage Layer Services",Canada remote,"CAD 144,000–200,000",Distributed storage; SLOs; capacity planning; reliability; performance/kernel,No exact public engineering/recruiting email verified,Research target; no portal submission
MongoDB,"Software Engineer 3, Networking & Observability",Canada remote,Not captured,C++; distributed systems; networking; observability; architecture,No exact public engineering/recruiting email verified,Research target; no portal submission
GitLab,"Principal Site Reliability Engineer, Platform Engineering",Canada/US/UK remote,"USD 223,200–380,400",SRE; platform engineering; remote,No exact public engineering/recruiting email verified,Research target; no portal submission
Elastic,"Senior Site Reliability Engineer, Observability & Analytics – Platform Infra",Canada remote,"CAD 138,300–185,900",SRE; observability; platform infrastructure,No exact public engineering/recruiting email verified,Research target; no portal submission
ClearGov,Senior DevOps Engineer,"Canada remote listing; Calgary, AB","CAD 110,000–140,000",AWS; IaC; observability; deployment pipelines; developer self-service,No exact public engineering/recruiting email verified,Research target; no portal submission
AXON Networks,Site Reliability Engineer,Canada remote,CAD 80–110/hour,Kubernetes; observability; incident response; automation; AI/network orchestration,hr@axon-networks.com,Email sent 2026-09-25
Borrowell,Senior DevOps Engineer,Canada remote-capable,"CAD 100,000–150,000",Azure; Terraform; CI/CD; cloud networking; Docker,careers@borrowell.com,Follow-up email sent 2026-09-25
Compass Group Canada,Senior DevOps Engineer / Site Reliability Engineer,Toronto hybrid; remote discussion requested,"CAD 120,000–150,000 for Senior DevOps listing",DevOps/SRE; cloud; CI/CD; platform engineering,ukg.recruitment@compass-canada.com,Follow-up email sent 2026-09-25
Isolocity,Cloud Infrastructure Engineer,"Canada remote; Newmarket, ON base","CAD 100,000–135,000",Cloud infrastructure; AI; remote operations,No exact public engineering/recruiting email verified,Research target; no portal submission
PLATO,Infrastructure Engineer (remote contract),Canada remote,CAD 75–100/hour,Azure; IaC; analytics/AI; networking; secure scalable cloud,No exact public engineering/recruiting email verified,Research target; no portal submission
