record_id,type,vendor_record_id,amount,currency,occurred_at,approved_at,work_started_at,approved_by,po_reference,documents,description,evidence_record_id
SYN-BC-001,BANK_DETAIL_CHANGE,SYN-V-001,,,2026-03-02T14:00:00Z,,,,,,SYNTHETIC: remittance account updated (change request CR-0042),SYN-EV-001
SYN-PAY-001,PAYMENT,SYN-V-001,48000.00,CAD,2026-03-09T15:00:00Z,2026-03-06T10:00:00Z,,Person A (synthetic),SYN-PO-101,,SYNTHETIC: paving works progress payment,SYN-EV-002
SYN-BC-002,BANK_DETAIL_CHANGE,SYN-V-002,,,2026-01-10T09:00:00Z,,,,,callback_verification,SYNTHETIC: bank change with recorded callback,
SYN-PAY-002,PAYMENT,SYN-V-002,3200.00,CAD,2026-03-20T15:00:00Z,2026-03-18T10:00:00Z,,Person A (synthetic),SYN-PO-102,,SYNTHETIC: office supplies,
SYN-PO-201,PURCHASE_ORDER,SYN-V-003,14000.00,CAD,2026-04-01T09:00:00Z,,,,,quote,SYNTHETIC: facility maintenance part 1,
SYN-PO-202,PURCHASE_ORDER,SYN-V-003,12500.00,CAD,2026-04-20T09:00:00Z,,,,,quote;approval_form,SYNTHETIC: facility maintenance part 2,
SYN-PO-203,PURCHASE_ORDER,SYN-V-002,9000.00,CAD,2026-04-03T09:00:00Z,,,,,quote;approval_form,SYNTHETIC: furniture,
SYN-PO-204,PURCHASE_ORDER,SYN-V-002,8000.00,CAD,2026-04-07T09:00:00Z,,,,,,SYNTHETIC: printer consumables,
SYN-PAY-003,PAYMENT,SYN-V-005,2750.00,CAD,2026-05-04T15:00:00Z,2026-05-01T10:00:00Z,,Person A (synthetic),,,SYNTHETIC: signage replacement,
SYN-CO-301,CHANGE_ORDER,SYN-V-001,18500.00,CAD,2026-05-12T10:00:00Z,2026-05-12T10:00:00Z,2026-05-03T07:00:00Z,Person A (synthetic),SYN-PO-101,,SYNTHETIC: additional paving area,
SYN-CO-302,CHANGE_ORDER,SYN-V-003,4200.00,CAD,2026-05-02T10:00:00Z,2026-05-02T10:00:00Z,2026-05-06T07:00:00Z,Person A (synthetic),SYN-PO-201,,SYNTHETIC: scope adjustment,
SYN-PAY-004,PAYMENT,SYN-V-003,6100.00,CAD,2026-06-01T15:00:00Z,2026-06-04T10:00:00Z,,Person A (synthetic),SYN-PO-201,,SYNTHETIC: maintenance payment,
